Name,NameKey,Kind,Level,MaxHealth,LengthMetres,WidthMetres,HeightMetres,CargoSlots,MountCount,MountType,PurchasePrice,UpgradePrice,ArmourPrice
locomotive,VEHICLE_LOCOMOTIVE,Locomotive,1,1500,12.5,3.1,4.2,12,0,None,0,0,1000
transport_1,VEHICLE_TRANSPORT,Transport,1,600,9.0,2.9,3.4,20,0,None,300,0,500
transport_2,VEHICLE_TRANSPORT,Transport,2,700,10.0,3.0,3.6,35,0,None,0,250,500
transport_3,VEHICLE_TRANSPORT,Transport,3,800,11.2,3.1,3.9,55,0,None,0,500,500
transport_4,VEHICLE_TRANSPORT,Transport,4,900,12.4,3.2,4.2,80,0,None,0,900,500
combat_1,VEHICLE_COMBAT,Combat,1,750,9.4,3.0,3.5,0,0,None,500,0,700
combat_2,VEHICLE_COMBAT,Combat,2,850,9.8,3.1,3.6,0,1,MachineGun,0,450,700
combat_3,VEHICLE_COMBAT,Combat,3,950,10.4,3.2,3.8,0,1,RocketLauncher,0,900,700
combat_4,VEHICLE_COMBAT,Combat,4,1100,11.0,3.3,4.6,0,1,HeavyCannon,0,1800,700
